Presion,Temperatura,Peso,Flujo,H2,Hidrogeno
60.14101359598088,277.1858236063809,1223.2496137047774,4.059631032592879,53964.616008904435,0.8616322928811299
45.43075741073196,223.3375674544949,9289.386248864921,2.393689971735227,74901.65705080079,0.8208318640726914
85.23066558882343,250.97339031423508,3201.575143437571,2.394458944424259,25972.08380361679,0.9096766782646619

